student_id,student_name,email,phone,dropout_threshold,dropout_probability,dropout_status
9302717,Madeline Herman,madeline.herman@gmail.com,843-980-2919,0.5,1.0,Dropout
9300554,Kenneth Lewis,kenneth.lewis@gmail.com,472-239-6370,0.5,1.0,Dropout
9301019,Linda Shields,linda.shields@gmail.com,594-430-3162,0.5,0.999,Dropout
9302884,Cathy Barry,cathy.barry@gmail.com,201-461-1852,0.5,0.999,Dropout
9303661,Jennifer Wiley,jennifer.wiley@gmail.com,196-330-1108,0.5,0.997,Dropout
9300674,Carlos Jarvis,carlos.jarvis@gmail.com,708-978-0678,0.5,0.995,Dropout
9303522,Jason Williams,jason.williams@gmail.com,855-912-4656,0.5,0.993,Dropout
9300537,Caitlyn Morton,caitlyn.morton@gmail.com,537-204-6902,0.5,0.992,Dropout
9302220,Crystal Dunn,crystal.dunn@gmail.com,831-808-0583,0.5,0.991,Dropout
9300680,Michael Price,michael.price@gmail.com,696-800-7930,0.5,0.99,Dropout
9303455,Jennifer Potter,jennifer.potter@gmail.com,572-113-2626,0.5,0.99,Dropout
9302944,Jesse Hodges,jesse.hodges@gmail.com,467-866-3626,0.5,0.99,Dropout
9301783,Brittany Green,brittany.green@gmail.com,135-182-2641,0.5,0.99,Dropout
9301961,Melissa Ayala,melissa.ayala@gmail.com,783-696-0515,0.5,0.99,Dropout
9300528,Timothy Barnes,timothy.barnes@gmail.com,778-037-2481,0.5,0.989,Dropout
9303434,John Humphrey,john.humphrey@gmail.com,366-212-9187,0.5,0.989,Dropout
9300788,Ashley Williams,ashley.williams@gmail.com,354-347-7253,0.5,0.989,Dropout
9302119,Timothy Payne,timothy.payne@gmail.com,174-929-9824,0.5,0.988,Dropout
9301296,Sarah Phillips,sarah.phillips@gmail.com,234-739-7450,0.5,0.988,Dropout
9303413,Robert Summers,robert.summers@gmail.com,414-488-6351,0.5,0.988,Dropout
9302234,Audrey Jefferson,audrey.jefferson@gmail.com,427-384-6263,0.5,0.987,Dropout
9300941,Kim Marshall,kim.marshall@gmail.com,101-250-2048,0.5,0.987,Dropout
9301215,Deborah Crawford,deborah.crawford@gmail.com,393-048-4458,0.5,0.986,Dropout
9300137,Janet Becker,janet.becker@gmail.com,372-259-2379,0.5,0.986,Dropout
9303152,Traci Henderson,traci.henderson@gmail.com,912-454-0140,0.5,0.985,Dropout
9303335,Kyle Marks,kyle.marks@gmail.com,207-139-7826,0.5,0.984,Dropout
9303044,Lance Herring,lance.herring@gmail.com,128-347-3794,0.5,0.982,Dropout
9302740,Chad Ward,chad.ward@gmail.com,366-939-2280,0.5,0.982,Dropout
9302419,Sara Kelly,sara.kelly@gmail.com,200-920-7348,0.5,0.982,Dropout
9303639,Rachel Martin,rachel.martin@gmail.com,681-275-1532,0.5,0.981,Dropout
9300523,Gary Alvarado,gary.alvarado@gmail.com,781-080-8971,0.5,0.981,Dropout
9303699,Sarah Thompson,sarah.thompson@gmail.com,826-333-7870,0.5,0.98,Dropout
9300717,Gina Young,gina.young@gmail.com,487-512-6354,0.5,0.979,Dropout
9301113,Angela Ray,angela.ray@gmail.com,782-397-3114,0.5,0.978,Dropout
9300876,Megan Tran,megan.tran@gmail.com,604-347-9165,0.5,0.977,Dropout
9303218,Jason Smith,jason.smith@gmail.com,521-025-6611,0.5,0.977,Dropout
9302356,Lisa Barker,lisa.barker@gmail.com,211-625-1551,0.5,0.977,Dropout
9300443,James Robinson,james.robinson@gmail.com,171-808-1862,0.5,0.977,Dropout
9301086,Cody Waters,cody.waters@gmail.com,595-073-4261,0.5,0.977,Dropout
9301345,Jose Stein,jose.stein@gmail.com,478-107-3516,0.5,0.976,Dropout
9303134,Richard Cunningham,richard.cunningham@gmail.com,457-466-6486,0.5,0.976,Dropout
9302695,Mark Norris,mark.norris@gmail.com,403-584-6528,0.5,0.976,Dropout
9302286,Kevin Hernandez,kevin.hernandez@gmail.com,610-277-8318,0.5,0.976,Dropout
9301397,Joseph Brown,joseph.brown@gmail.com,120-111-5664,0.5,0.973,Dropout
9302562,April Cline,april.cline@gmail.com,988-076-4915,0.5,0.973,Dropout
9302001,Keith Merritt,keith.merritt@gmail.com,529-590-1740,0.5,0.968,Dropout
9302881,David Fuentes,david.fuentes@gmail.com,368-411-9123,0.5,0.964,Dropout
9303546,Holly Phillips,holly.phillips@gmail.com,179-019-2152,0.5,0.964,Dropout
9300047,Timothy Maynard,timothy.maynard@gmail.com,488-363-0286,0.5,0.959,Dropout
9301128,Albert Patel,albert.patel@gmail.com,878-541-1346,0.5,0.958,Dropout
9302530,Joseph Glenn,joseph.glenn@gmail.com,695-958-4248,0.5,0.954,Dropout
9301360,Henry Roach,henry.roach@gmail.com,533-650-9616,0.5,0.954,Dropout
9303962,Joseph Vaughn,joseph.vaughn@gmail.com,776-336-0954,0.5,0.953,Dropout
9304264,Rachel Williams,rachel.williams@gmail.com,170-698-0947,0.5,0.953,Dropout
9300737,Taylor Price,taylor.price@gmail.com,311-857-4916,0.5,0.95,Dropout
9303114,Ashley Mcgee,ashley.mcgee@gmail.com,340-336-0374,0.5,0.944,Dropout
9304245,Nathaniel Cortez,nathaniel.cortez@gmail.com,755-402-9620,0.5,0.941,Dropout
9303907,Isabella Rasmussen,isabella.rasmussen@gmail.com,594-102-2602,0.5,0.933,Dropout
9300314,Kimberly Haynes,kimberly.haynes@gmail.com,487-819-3759,0.5,0.925,Dropout
9304405,Deborah Wilson,deborah.wilson@gmail.com,699-417-3325,0.5,0.922,Dropout
9303128,Olivia Cowan,olivia.cowan@gmail.com,515-065-6772,0.5,0.921,Dropout
9303818,Erica Hill,erica.hill@gmail.com,892-116-6908,0.5,0.92,Dropout
9300458,Danielle Taylor,danielle.taylor@gmail.com,679-400-6890,0.5,0.912,Dropout
9303497,Nicole Bailey,nicole.bailey@gmail.com,175-588-5436,0.5,0.909,Dropout
9302591,Christian Perez,christian.perez@gmail.com,616-735-5676,0.5,0.908,Dropout
9302870,Denise Rodriguez,denise.rodriguez@gmail.com,810-304-7003,0.5,0.907,Dropout
9302542,Charles Tran,charles.tran@gmail.com,839-525-5179,0.5,0.906,Dropout
9300492,Jason Ryan,jason.ryan@gmail.com,707-298-8719,0.5,0.905,Dropout
9300532,Maxwell Douglas,maxwell.douglas@gmail.com,652-569-6097,0.5,0.902,Dropout
9303046,Janet Barker,janet.barker@gmail.com,735-424-8116,0.5,0.9,Dropout
9304122,Caitlin Johnson,caitlin.johnson@gmail.com,711-999-9873,0.5,0.888,Dropout
9300053,Andrew Bennett,andrew.bennett@gmail.com,563-190-1163,0.5,0.883,Dropout
9302545,Joshua Turner,joshua.turner@gmail.com,780-243-3644,0.5,0.882,Dropout
9303458,Theresa Newman,theresa.newman@gmail.com,179-096-7238,0.5,0.881,Dropout
9304340,Karen Valdez,karen.valdez@gmail.com,898-670-7270,0.5,0.88,Dropout
9303530,Ethan Smith,ethan.smith@gmail.com,492-372-0447,0.5,0.872,Dropout
9303996,Jennifer Patel,jennifer.patel@gmail.com,757-511-6631,0.5,0.862,Dropout
9302680,Tiffany Strickland,tiffany.strickland@gmail.com,129-838-3276,0.5,0.861,Dropout
9300232,Stephanie Norton,stephanie.norton@gmail.com,803-863-3684,0.5,0.86,Dropout
9302365,Felicia Brady,felicia.brady@gmail.com,766-066-3896,0.5,0.859,Dropout
9304404,Brenda Bailey,brenda.bailey@gmail.com,350-543-4261,0.5,0.858,Dropout
9303499,Brian Watkins,brian.watkins@gmail.com,374-532-4617,0.5,0.857,Dropout
9301159,James Carter,james.carter@gmail.com,327-537-1229,0.5,0.853,Dropout
9302334,Gregory Bailey,gregory.bailey@gmail.com,568-574-0115,0.5,0.852,Dropout
9301971,Andrew Peck,andrew.peck@gmail.com,139-413-5904,0.5,0.85,Dropout
9302431,Ashley Gonzalez,ashley.gonzalez@gmail.com,363-895-8480,0.5,0.85,Dropout
9303651,Christine Henderson,christine.henderson@gmail.com,635-339-1613,0.5,0.846,Dropout
9300711,Lisa Bauer,lisa.bauer@gmail.com,109-552-1712,0.5,0.844,Dropout
9302603,Nicole Brown,nicole.brown@gmail.com,676-423-6461,0.5,0.843,Dropout
9301712,Michael Clayton,michael.clayton@gmail.com,512-154-4798,0.5,0.833,Dropout
9303478,Kenneth Lang,kenneth.lang@gmail.com,864-372-4726,0.5,0.832,Dropout
9302615,Brandon Mosley,brandon.mosley@gmail.com,841-699-8888,0.5,0.832,Dropout
9300884,Sara Foster,sara.foster@gmail.com,873-665-9069,0.5,0.831,Dropout
9304081,John Gibson,john.gibson@gmail.com,543-249-7808,0.5,0.83,Dropout
9302249,Ronald Dennis,ronald.dennis@gmail.com,849-727-5772,0.5,0.829,Dropout
9300577,Jake Warren,jake.warren@gmail.com,585-507-5624,0.5,0.829,Dropout
9303619,Alisha Johnson,alisha.johnson@gmail.com,943-175-4516,0.5,0.824,Dropout
9303350,Stephen Rodriguez,stephen.rodriguez@gmail.com,880-130-9721,0.5,0.822,Dropout
9302590,Mark Gordon,mark.gordon@gmail.com,605-593-6544,0.5,0.822,Dropout
9300094,Diana Hall,diana.hall@gmail.com,313-881-2744,0.5,0.822,Dropout
9300150,Theresa Harrison,theresa.harrison@gmail.com,354-541-1558,0.5,0.821,Dropout
9300637,Larry Fields,larry.fields@gmail.com,423-017-5537,0.5,0.821,Dropout
9300331,Ronald Austin,ronald.austin@gmail.com,866-151-6276,0.5,0.818,Dropout
9300744,Angela Morales,angela.morales@gmail.com,777-549-3345,0.5,0.817,Dropout
9304378,Sherry Hoffman,sherry.hoffman@gmail.com,750-566-1438,0.5,0.817,Dropout
9301266,Diana Conrad,diana.conrad@gmail.com,747-818-3477,0.5,0.813,Dropout
9303253,Mary Berger,mary.berger@gmail.com,594-372-6535,0.5,0.812,Dropout
9301237,Tiffany Baker,tiffany.baker@gmail.com,169-221-2740,0.5,0.807,Dropout
9302473,Ricardo Taylor,ricardo.taylor@gmail.com,578-467-0135,0.5,0.805,Dropout
9303417,Rhonda Newton,rhonda.newton@gmail.com,936-808-5135,0.5,0.805,Dropout
9303369,Jerry Johnson,jerry.johnson@gmail.com,544-194-8565,0.5,0.804,Dropout
9301381,Carmen Miller,carmen.miller@gmail.com,649-859-8700,0.5,0.803,Dropout
9302144,Carrie Allen,carrie.allen@gmail.com,764-036-5117,0.5,0.803,Dropout
9302389,Robert Olson,robert.olson@gmail.com,672-792-6102,0.5,0.802,Dropout
9302931,Jennifer Sosa,jennifer.sosa@gmail.com,466-602-1314,0.5,0.8,Dropout
9301651,Carrie Castro,carrie.castro@gmail.com,140-834-6396,0.5,0.799,Dropout
9302439,Tracy Hubbard,tracy.hubbard@gmail.com,700-243-8031,0.5,0.798,Dropout
9304321,Ricky Schmidt,ricky.schmidt@gmail.com,214-535-5850,0.5,0.796,Dropout
9304035,Leah Oneill,leah.oneill@gmail.com,723-708-5533,0.5,0.795,Dropout
9303242,Jesse Snyder,jesse.snyder@gmail.com,557-950-9917,0.5,0.794,Dropout
9302120,Matthew Ali,matthew.ali@gmail.com,482-916-7586,0.5,0.793,Dropout
9303367,David Smith,david.smith@gmail.com,485-208-7577,0.5,0.79,Dropout
9304253,Jessica Schneider,jessica.schneider@gmail.com,210-347-5219,0.5,0.79,Dropout
9303964,Christina Mendez,christina.mendez@gmail.com,275-363-5404,0.5,0.788,Dropout
9300999,Nicholas Edwards,nicholas.edwards@gmail.com,615-102-2801,0.5,0.783,Dropout
9302599,Jason Benson,jason.benson@gmail.com,573-329-0593,0.5,0.782,Dropout
9302583,Jonathan Key,jonathan.key@gmail.com,866-840-5852,0.5,0.779,Dropout
9303687,Deanna Chavez,deanna.chavez@gmail.com,544-789-8463,0.5,0.776,Dropout
9303568,Gary Martin,gary.martin@gmail.com,919-259-7239,0.5,0.774,Dropout
9301741,Christopher Garcia,christopher.garcia@gmail.com,905-460-6619,0.5,0.773,Dropout
9300096,Stephen Fields,stephen.fields@gmail.com,243-516-6493,0.5,0.771,Dropout
9300224,Javier Perry,javier.perry@gmail.com,763-451-9555,0.5,0.771,Dropout
9300515,Karen Cameron,karen.cameron@gmail.com,735-641-1152,0.5,0.771,Dropout
9301928,Troy Quinn,troy.quinn@gmail.com,973-682-0935,0.5,0.77,Dropout
9302610,Stacey Leblanc,stacey.leblanc@gmail.com,669-613-7246,0.5,0.769,Dropout
9303792,Gordon Osborn,gordon.osborn@gmail.com,917-107-5708,0.5,0.767,Dropout
9302458,Michele Smith,michele.smith@gmail.com,607-122-2737,0.5,0.761,Dropout
9301272,Brian Hernandez,brian.hernandez@gmail.com,294-324-9476,0.5,0.761,Dropout
9303898,Gregory Howell,gregory.howell@gmail.com,413-467-6502,0.5,0.76,Dropout
9301573,Elizabeth Delgado,elizabeth.delgado@gmail.com,812-232-9456,0.5,0.76,Dropout
9303905,Sherri Flores,sherri.flores@gmail.com,835-419-3099,0.5,0.757,Dropout
9301628,Patrick Petersen,patrick.petersen@gmail.com,218-743-3932,0.5,0.748,Dropout
9302558,Kyle Ochoa,kyle.ochoa@gmail.com,570-608-3821,0.5,0.748,Dropout
9300639,Maria Ramirez,maria.ramirez@gmail.com,363-390-0419,0.5,0.748,Dropout
9304075,Harold Cole,harold.cole@gmail.com,636-466-4749,0.5,0.747,Dropout
9304210,Nicholas Perry,nicholas.perry@gmail.com,318-530-7656,0.5,0.746,Dropout
9303211,Cynthia Perez,cynthia.perez@gmail.com,642-326-6186,0.5,0.746,Dropout
9303665,Carla Kane,carla.kane@gmail.com,438-135-1542,0.5,0.745,Dropout
9300391,Sean Russell,sean.russell@gmail.com,543-774-4380,0.5,0.745,Dropout
9302469,Carrie Rivera,carrie.rivera@gmail.com,192-498-4621,0.5,0.742,Dropout
9302783,Steven Mason,steven.mason@gmail.com,640-247-2808,0.5,0.739,Dropout
9302802,David Reeves,david.reeves@gmail.com,625-613-6330,0.5,0.739,Dropout
9302011,Kyle Dudley,kyle.dudley@gmail.com,782-329-5982,0.5,0.738,Dropout
9301186,Christina Rodriguez,christina.rodriguez@gmail.com,178-753-2046,0.5,0.736,Dropout
9302730,Brent Cunningham,brent.cunningham@gmail.com,692-170-7103,0.5,0.728,Dropout
9301012,Michelle Hayes,michelle.hayes@gmail.com,102-788-5000,0.5,0.725,Dropout
9302358,Emily Palmer,emily.palmer@gmail.com,293-659-2112,0.5,0.721,Dropout
9302826,Brent Weaver,brent.weaver@gmail.com,374-496-0125,0.5,0.717,Dropout
9301502,Mark Powell,mark.powell@gmail.com,351-421-2359,0.5,0.717,Dropout
9303807,Bryan Bryant,bryan.bryant@gmail.com,974-760-8500,0.5,0.715,Dropout
9300464,Richard Pena,richard.pena@gmail.com,688-135-6578,0.5,0.713,Dropout
9304031,Jennifer Reyes,jennifer.reyes@gmail.com,369-348-3369,0.5,0.711,Dropout
9303873,Paul Campbell,paul.campbell@gmail.com,906-346-5412,0.5,0.711,Dropout
9302491,Alexandra Hodges,alexandra.hodges@gmail.com,497-911-6728,0.5,0.71,Dropout
9300476,Christopher Jennings,christopher.jennings@gmail.com,962-606-6317,0.5,0.71,Dropout
9300775,William Carpenter,william.carpenter@gmail.com,454-751-1028,0.5,0.705,Dropout
9302693,Erin Perez,erin.perez@gmail.com,181-914-2790,0.5,0.704,Dropout
9300688,Robert Figueroa,robert.figueroa@gmail.com,571-869-2846,0.5,0.704,Dropout
9301492,Shannon Dixon,shannon.dixon@gmail.com,874-955-5285,0.5,0.704,Dropout
9304145,Ryan Matthews,ryan.matthews@gmail.com,486-456-8749,0.5,0.702,Dropout
9301074,Ryan Curtis,ryan.curtis@gmail.com,860-120-4388,0.5,0.702,Dropout
9301326,Robert Crawford,robert.crawford@gmail.com,116-433-9711,0.5,0.698,Dropout
9301999,Kayla Vincent,kayla.vincent@gmail.com,947-466-3908,0.5,0.698,Dropout
9302327,Mary Hernandez,mary.hernandez@gmail.com,113-566-4714,0.5,0.698,Dropout
9300349,Joan Patton,joan.patton@gmail.com,388-695-7681,0.5,0.696,Dropout
9303373,Mary Watson,mary.watson@gmail.com,984-493-8265,0.5,0.696,Dropout
9303787,Kelly Evans,kelly.evans@gmail.com,781-959-2083,0.5,0.695,Dropout
9304141,Elizabeth Sanchez,elizabeth.sanchez@gmail.com,616-374-8717,0.5,0.692,Dropout
9302788,Dalton Thomas,dalton.thomas@gmail.com,807-543-0277,0.5,0.691,Dropout
9301782,Gerald Morales,gerald.morales@gmail.com,133-736-2810,0.5,0.688,Dropout
9302492,Jeffrey Richardson,jeffrey.richardson@gmail.com,295-596-3037,0.5,0.688,Dropout
9301384,Andrea Lopez,andrea.lopez@gmail.com,961-014-5325,0.5,0.687,Dropout
9302466,Kimberly Weaver,kimberly.weaver@gmail.com,131-364-9826,0.5,0.685,Dropout
9302385,Jacob Clark,jacob.clark@gmail.com,261-960-1555,0.5,0.683,Dropout
9301926,Anthony Medina,anthony.medina@gmail.com,337-286-0964,0.5,0.681,Dropout
9302814,Sheena Jones,sheena.jones@gmail.com,693-426-1609,0.5,0.68,Dropout
9303545,Caleb Mendez,caleb.mendez@gmail.com,415-396-6351,0.5,0.679,Dropout
9302629,Glenn Martinez,glenn.martinez@gmail.com,923-395-7428,0.5,0.678,Dropout
9304059,Angel Mason,angel.mason@gmail.com,277-999-2449,0.5,0.677,Dropout
9302239,Patty Short,patty.short@gmail.com,245-932-2759,0.5,0.676,Dropout
9300656,Courtney Brown,courtney.brown@gmail.com,889-903-6543,0.5,0.675,Dropout
9302261,Michael Flowers,michael.flowers@gmail.com,614-891-8171,0.5,0.674,Dropout
9303631,Jason Perkins,jason.perkins@gmail.com,861-692-9047,0.5,0.674,Dropout
9302623,Jacob Montgomery,jacob.montgomery@gmail.com,303-899-0123,0.5,0.671,Dropout
9303550,Keith White,keith.white@gmail.com,565-300-4701,0.5,0.67,Dropout
9300001,Jane Thomas,jane.thomas@gmail.com,387-400-9753,0.5,0.67,Dropout
9303740,Becky Lewis,becky.lewis@gmail.com,495-339-0038,0.5,0.667,Dropout
9303714,Stacey Mueller,stacey.mueller@gmail.com,216-043-6982,0.5,0.667,Dropout
9304173,Teresa Montoya,teresa.montoya@gmail.com,751-079-1920,0.5,0.666,Dropout
9301835,Justin Christian,justin.christian@gmail.com,605-584-5376,0.5,0.662,Dropout
9302548,Patricia Harper,patricia.harper@gmail.com,137-562-4105,0.5,0.662,Dropout
9300494,Kimberly Orr,kimberly.orr@gmail.com,294-732-1899,0.5,0.659,Dropout
9300714,Daniel Martinez,daniel.martinez@gmail.com,811-839-5584,0.5,0.659,Dropout
9302578,Heather Wolf,heather.wolf@gmail.com,747-873-2924,0.5,0.658,Dropout
9303918,Erica Thomas,erica.thomas@gmail.com,756-227-5307,0.5,0.658,Dropout
9303634,George Simpson,george.simpson@gmail.com,610-362-2940,0.5,0.657,Dropout
9303540,Daniel Bentley,daniel.bentley@gmail.com,872-024-2669,0.5,0.654,Dropout
9301617,Henry Young,henry.young@gmail.com,447-149-6058,0.5,0.653,Dropout
9303978,Tammy Owens,tammy.owens@gmail.com,473-407-5242,0.5,0.653,Dropout
9300904,Barry Calhoun,barry.calhoun@gmail.com,732-165-1151,0.5,0.652,Dropout
9301088,Benjamin Ortiz,benjamin.ortiz@gmail.com,445-936-9873,0.5,0.652,Dropout
9303180,Jackie Parker,jackie.parker@gmail.com,689-243-4495,0.5,0.652,Dropout
9300189,Kyle Carson,kyle.carson@gmail.com,653-482-8942,0.5,0.652,Dropout
9302801,Jordan Douglas,jordan.douglas@gmail.com,532-461-2585,0.5,0.648,Dropout
9300845,Jennifer Burgess,jennifer.burgess@gmail.com,530-120-8700,0.5,0.647,Dropout
9304399,Antonio Mitchell,antonio.mitchell@gmail.com,380-849-5365,0.5,0.645,Dropout
9303289,Wanda Owens,wanda.owens@gmail.com,534-516-9373,0.5,0.644,Dropout
9300054,Melissa Rivera,melissa.rivera@gmail.com,138-843-4075,0.5,0.643,Dropout
9304249,Rebecca Williams,rebecca.williams@gmail.com,528-515-3170,0.5,0.642,Dropout
9303587,William Williams,william.williams@gmail.com,549-994-7467,0.5,0.641,Dropout
9302324,Ashley Lawrence,ashley.lawrence@gmail.com,225-626-4483,0.5,0.638,Dropout
9303630,Desiree Ramos,desiree.ramos@gmail.com,111-670-8456,0.5,0.637,Dropout
9303137,Jesse Jones,jesse.jones@gmail.com,973-791-7020,0.5,0.637,Dropout
9301450,Rhonda Hayes,rhonda.hayes@gmail.com,570-923-8104,0.5,0.632,Dropout
9302507,Mitchell Richardson,mitchell.richardson@gmail.com,975-992-0518,0.5,0.629,Dropout
9302295,Ivan Keith,ivan.keith@gmail.com,589-700-3604,0.5,0.629,Dropout
9302180,Kathleen Floyd,kathleen.floyd@gmail.com,626-134-1763,0.5,0.624,Dropout
9302129,Ralph Gates,ralph.gates@gmail.com,360-593-6188,0.5,0.624,Dropout
9303268,Robin Walker,robin.walker@gmail.com,407-971-4521,0.5,0.622,Dropout
9303323,Courtney Rogers,courtney.rogers@gmail.com,666-226-4112,0.5,0.622,Dropout
9300489,Marie Hensley,marie.hensley@gmail.com,282-727-8340,0.5,0.621,Dropout
9303311,Michael Patterson,michael.patterson@gmail.com,135-487-3821,0.5,0.619,Dropout
9300888,Darren Murphy,darren.murphy@gmail.com,498-238-0846,0.5,0.618,Dropout
9302635,Jill Francis,jill.francis@gmail.com,664-299-1039,0.5,0.617,Dropout
9303422,Vincent Morris,vincent.morris@gmail.com,704-919-5775,0.5,0.615,Dropout
9300964,Frank Sanchez,frank.sanchez@gmail.com,551-670-9691,0.5,0.612,Dropout
9301639,Timothy Guzman,timothy.guzman@gmail.com,680-017-1119,0.5,0.611,Dropout
9300712,Jorge West,jorge.west@gmail.com,870-006-4695,0.5,0.61,Dropout
9303884,Connie Peters,connie.peters@gmail.com,833-205-6836,0.5,0.607,Dropout
9303056,Curtis Stewart,curtis.stewart@gmail.com,134-769-2801,0.5,0.607,Dropout
9302843,Victoria Garcia,victoria.garcia@gmail.com,886-810-9931,0.5,0.606,Dropout
9300598,Jon Jackson,jon.jackson@gmail.com,443-149-9157,0.5,0.606,Dropout
9304226,Christopher Jackson,christopher.jackson@gmail.com,995-552-0305,0.5,0.605,Dropout
9302819,Timothy Castaneda,timothy.castaneda@gmail.com,472-160-9395,0.5,0.605,Dropout
9302248,Donna Rivera,donna.rivera@gmail.com,360-347-6952,0.5,0.604,Dropout
9301488,Joseph Love,joseph.love@gmail.com,175-405-7304,0.5,0.604,Dropout
9300338,Patricia Jackson,patricia.jackson@gmail.com,487-820-6785,0.5,0.602,Dropout
9303002,Stephanie Cisneros,stephanie.cisneros@gmail.com,927-850-4351,0.5,0.601,Dropout
9301751,Alexis Mercado,alexis.mercado@gmail.com,225-186-9257,0.5,0.601,Dropout
9302820,Dawn Wood,dawn.wood@gmail.com,789-975-4500,0.5,0.6,Dropout
9301373,Gary Butler,gary.butler@gmail.com,476-859-3659,0.5,0.599,Dropout
9302019,Rebecca Moran,rebecca.moran@gmail.com,423-540-5446,0.5,0.598,Dropout
9303926,Kenneth Morgan,kenneth.morgan@gmail.com,742-858-3722,0.5,0.596,Dropout
9301637,Scott Jones,scott.jones@gmail.com,454-089-0611,0.5,0.593,Dropout
9304367,Karen Ortiz,karen.ortiz@gmail.com,835-658-9359,0.5,0.593,Dropout
9303008,Jason Young,jason.young@gmail.com,918-354-9436,0.5,0.592,Dropout
9303835,Brian Leon,brian.leon@gmail.com,653-242-4136,0.5,0.592,Dropout
9303822,Christina Smith,christina.smith@gmail.com,195-283-8604,0.5,0.586,Dropout
9303400,Erik Huber,erik.huber@gmail.com,659-745-6150,0.5,0.583,Dropout
9304261,Christine Barron,christine.barron@gmail.com,159-406-4902,0.5,0.582,Dropout
9301632,Mary Allen,mary.allen@gmail.com,827-535-8690,0.5,0.58,Dropout
9302689,Jeffrey Patterson,jeffrey.patterson@gmail.com,705-733-9051,0.5,0.579,Dropout
9303248,Jose Lowe,jose.lowe@gmail.com,613-284-3642,0.5,0.577,Dropout
9301803,Debra Santos,debra.santos@gmail.com,331-640-8424,0.5,0.574,Dropout
9303404,Steven Castillo,steven.castillo@gmail.com,922-624-9748,0.5,0.574,Dropout
9301606,Thomas Riddle,thomas.riddle@gmail.com,664-054-6653,0.5,0.572,Dropout
9303825,Anna Baker,anna.baker@gmail.com,290-373-7327,0.5,0.571,Dropout
9300437,Rachel Stone,rachel.stone@gmail.com,551-885-1605,0.5,0.571,Dropout
9301229,Alexander Allen,alexander.allen@gmail.com,197-435-8336,0.5,0.57,Dropout
9303265,Shannon Caldwell,shannon.caldwell@gmail.com,982-966-5382,0.5,0.57,Dropout
9303330,Zachary Anderson,zachary.anderson@gmail.com,852-329-6531,0.5,0.569,Dropout
9301897,Shelley Cox,shelley.cox@gmail.com,425-999-6846,0.5,0.567,Dropout
9303062,Brittany Burns,brittany.burns@gmail.com,777-505-0232,0.5,0.564,Dropout
9303758,Pamela Henderson,pamela.henderson@gmail.com,704-956-3443,0.5,0.558,Dropout
9303834,Maria Gibson,maria.gibson@gmail.com,431-886-0292,0.5,0.556,Dropout
9302444,Robert Christensen,robert.christensen@gmail.com,169-977-3731,0.5,0.555,Dropout
9300119,Joseph Hill,joseph.hill@gmail.com,375-228-3253,0.5,0.554,Dropout
9302641,Colleen Berg,colleen.berg@gmail.com,206-634-8287,0.5,0.55,Dropout
9303345,Cynthia Johnson,cynthia.johnson@gmail.com,325-045-0882,0.5,0.548,Dropout
9300846,Andrew Moss,andrew.moss@gmail.com,624-608-5108,0.5,0.546,Dropout
9304095,Brenda Smith,brenda.smith@gmail.com,963-602-4518,0.5,0.544,Dropout
9301733,Amanda Chen,amanda.chen@gmail.com,302-846-3071,0.5,0.54,Dropout
9304389,Derek Reeves,derek.reeves@gmail.com,932-226-0087,0.5,0.54,Dropout
9302827,Ronnie Kelley,ronnie.kelley@gmail.com,430-292-4079,0.5,0.538,Dropout
9301084,James Fuller,james.fuller@gmail.com,369-303-9957,0.5,0.537,Dropout
9300809,Randall Garcia,randall.garcia@gmail.com,874-612-6395,0.5,0.537,Dropout
9302345,Jessica Scott,jessica.scott@gmail.com,110-402-6961,0.5,0.536,Dropout
9303612,Anthony Wheeler,anthony.wheeler@gmail.com,201-657-2714,0.5,0.536,Dropout
9300681,Donald Smith,donald.smith@gmail.com,321-740-4158,0.5,0.534,Dropout
9300092,Jennifer Hudson,jennifer.hudson@gmail.com,509-900-2863,0.5,0.53,Dropout
9302313,Matthew Buchanan,matthew.buchanan@gmail.com,724-029-0047,0.5,0.53,Dropout
9302517,Victoria Lee,victoria.lee@gmail.com,190-247-6087,0.5,0.528,Dropout
9300979,Anna Sweeney,anna.sweeney@gmail.com,716-448-9110,0.5,0.528,Dropout
9301455,Cory Garcia,cory.garcia@gmail.com,251-618-9769,0.5,0.526,Dropout
9303542,Andrew Hull,andrew.hull@gmail.com,648-209-5599,0.5,0.525,Dropout
9304093,Rebekah Morris,rebekah.morris@gmail.com,767-016-8954,0.5,0.524,Dropout
9303030,Valerie Francis,valerie.francis@gmail.com,957-395-6052,0.5,0.522,Dropout
9300864,David Wright,david.wright@gmail.com,414-599-4741,0.5,0.521,Dropout
9303198,Danielle Humphrey,danielle.humphrey@gmail.com,548-794-1928,0.5,0.519,Dropout
9302380,Katherine Welch,katherine.welch@gmail.com,945-240-9032,0.5,0.518,Dropout
9304258,Joseph Morrison,joseph.morrison@gmail.com,499-800-9186,0.5,0.517,Dropout
9303761,Brandy Reed,brandy.reed@gmail.com,799-502-4995,0.5,0.513,Dropout
9300216,Morgan Shields,morgan.shields@gmail.com,968-602-2805,0.5,0.511,Dropout
9302428,Kristopher Schwartz,kristopher.schwartz@gmail.com,343-701-6608,0.5,0.51,Dropout
9300773,Joshua Alvarado,joshua.alvarado@gmail.com,212-763-2144,0.5,0.507,Dropout
9303411,Eric Chase,eric.chase@gmail.com,420-433-3416,0.5,0.503,Dropout
9303196,Antonio Black,antonio.black@gmail.com,870-647-7864,0.5,0.503,Dropout
9304267,Hayley Hill,hayley.hill@gmail.com,965-785-0628,0.5,0.502,Dropout
9303178,Corey Frederick,corey.frederick@gmail.com,656-178-2499,0.5,0.501,Dropout
9304076,Tamara Martin,tamara.martin@gmail.com,482-281-3270,0.5,0.501,Dropout
9304066,Kimberly Krueger,kimberly.krueger@gmail.com,602-097-0865,0.5,0.499,Graduate
9300872,Jennifer Reid,jennifer.reid@gmail.com,354-866-9004,0.5,0.498,Graduate
9304287,Heidi Todd,heidi.todd@gmail.com,652-899-7862,0.5,0.496,Graduate
9303729,Derek Quinn,derek.quinn@gmail.com,906-129-5936,0.5,0.494,Graduate
9303498,Sarah Glass,sarah.glass@gmail.com,791-187-6090,0.5,0.494,Graduate
9302726,Wendy Morrison,wendy.morrison@gmail.com,637-148-7916,0.5,0.492,Graduate
9301671,Mark Jenkins,mark.jenkins@gmail.com,494-392-0416,0.5,0.491,Graduate
9302638,Stephanie Frye,stephanie.frye@gmail.com,504-347-8789,0.5,0.49,Graduate
9303052,Andrew Edwards,andrew.edwards@gmail.com,246-013-6909,0.5,0.49,Graduate
9301130,Sharon Smith,sharon.smith@gmail.com,152-378-1703,0.5,0.489,Graduate
9302416,Sara Robinson,sara.robinson@gmail.com,656-352-6090,0.5,0.486,Graduate
9302394,William Hill,william.hill@gmail.com,695-638-6941,0.5,0.485,Graduate
9300624,Robert Pacheco,robert.pacheco@gmail.com,211-933-4416,0.5,0.485,Graduate
9301192,Thomas Park,thomas.park@gmail.com,977-215-9706,0.5,0.484,Graduate
9300025,Linda Leblanc,linda.leblanc@gmail.com,740-414-0367,0.5,0.483,Graduate
9304149,Haley Black,haley.black@gmail.com,583-533-0833,0.5,0.483,Graduate
9304374,Nicole Porter,nicole.porter@gmail.com,253-617-7809,0.5,0.483,Graduate
9302236,Sherri Doyle,sherri.doyle@gmail.com,852-709-2375,0.5,0.482,Graduate
9300743,Brandon Thomas,brandon.thomas@gmail.com,253-890-3879,0.5,0.481,Graduate
9303258,Bradley Terrell,bradley.terrell@gmail.com,491-722-6029,0.5,0.475,Graduate
9302290,Jason Strickland,jason.strickland@gmail.com,501-887-8207,0.5,0.473,Graduate
9303390,Ryan Sullivan,ryan.sullivan@gmail.com,810-605-2284,0.5,0.473,Graduate
9300942,Monica Sanchez,monica.sanchez@gmail.com,974-059-7097,0.5,0.471,Graduate
9303399,Stephanie Williams,stephanie.williams@gmail.com,953-736-0159,0.5,0.469,Graduate
9302328,Ruth Weaver,ruth.weaver@gmail.com,802-120-2777,0.5,0.467,Graduate
9303837,Ruben Cowan,ruben.cowan@gmail.com,352-423-3701,0.5,0.467,Graduate
9304262,Sydney Lee,sydney.lee@gmail.com,610-645-6083,0.5,0.465,Graduate
9300493,Kathleen Burke,kathleen.burke@gmail.com,497-153-3421,0.5,0.463,Graduate
9303986,Stephanie Mitchell,stephanie.mitchell@gmail.com,969-764-8579,0.5,0.462,Graduate
9302576,Daniel Williams,daniel.williams@gmail.com,417-134-6943,0.5,0.46,Graduate
9303848,Vickie Walker,vickie.walker@gmail.com,211-580-2881,0.5,0.459,Graduate
9300418,Andrea Parker,andrea.parker@gmail.com,586-444-4087,0.5,0.458,Graduate
9301434,Michelle Cook,michelle.cook@gmail.com,509-338-6212,0.5,0.455,Graduate
9303536,Joe Marshall,joe.marshall@gmail.com,753-430-0097,0.5,0.454,Graduate
9300741,Rachel Proctor,rachel.proctor@gmail.com,460-779-7876,0.5,0.451,Graduate
9304138,Joseph Sandoval,joseph.sandoval@gmail.com,733-865-0990,0.5,0.45,Graduate
9303005,David Hampton,david.hampton@gmail.com,719-375-8804,0.5,0.449,Graduate
9304040,Carlos Campbell,carlos.campbell@gmail.com,946-440-7020,0.5,0.447,Graduate
9302378,Tamara Russell,tamara.russell@gmail.com,170-722-4157,0.5,0.445,Graduate
9300720,Sarah Reynolds,sarah.reynolds@gmail.com,436-486-7395,0.5,0.444,Graduate
9303844,Andrew Greene,andrew.greene@gmail.com,245-724-2821,0.5,0.444,Graduate
9301809,Margaret Turner,margaret.turner@gmail.com,661-527-4267,0.5,0.443,Graduate
9302806,Dawn Chen,dawn.chen@gmail.com,700-637-0007,0.5,0.437,Graduate
9302916,Christopher Nguyen,christopher.nguyen@gmail.com,887-351-2517,0.5,0.433,Graduate
9302404,Kelli Thomas,kelli.thomas@gmail.com,687-793-6754,0.5,0.432,Graduate
9302602,Angela King,angela.king@gmail.com,317-574-8671,0.5,0.429,Graduate
9303352,Bryan Smith,bryan.smith@gmail.com,528-720-5905,0.5,0.429,Graduate
9304180,Scott Harrell,scott.harrell@gmail.com,788-220-0509,0.5,0.428,Graduate
9302743,Valerie Allen,valerie.allen@gmail.com,852-499-5034,0.5,0.428,Graduate
9301153,Margaret Joseph,margaret.joseph@gmail.com,404-751-5589,0.5,0.427,Graduate
9300664,Ashley Archer,ashley.archer@gmail.com,969-124-3144,0.5,0.426,Graduate
9303016,Matthew Sullivan,matthew.sullivan@gmail.com,985-903-9499,0.5,0.425,Graduate
9301578,Dennis Hansen,dennis.hansen@gmail.com,869-300-0192,0.5,0.422,Graduate
9302836,Deborah Curtis,deborah.curtis@gmail.com,723-684-8883,0.5,0.422,Graduate
9301725,Meagan Swanson,meagan.swanson@gmail.com,371-341-5425,0.5,0.422,Graduate
9302175,Jeff Davis,jeff.davis@gmail.com,113-893-8378,0.5,0.419,Graduate
9303098,David Tapia,david.tapia@gmail.com,388-432-8223,0.5,0.419,Graduate
9301627,Elizabeth Lutz,elizabeth.lutz@gmail.com,707-321-9915,0.5,0.419,Graduate
9302815,Jesus Lopez,jesus.lopez@gmail.com,132-070-0726,0.5,0.416,Graduate
9301446,Michelle Wilson,michelle.wilson@gmail.com,586-207-0083,0.5,0.415,Graduate
9304046,Carol Spencer,carol.spencer@gmail.com,345-470-4618,0.5,0.415,Graduate
9300112,Ashley Bullock,ashley.bullock@gmail.com,881-426-5827,0.5,0.414,Graduate
9302952,Kathryn May,kathryn.may@gmail.com,554-868-1899,0.5,0.414,Graduate
9303301,Sara Warren,sara.warren@gmail.com,797-882-2278,0.5,0.414,Graduate
9302532,Stephanie Austin,stephanie.austin@gmail.com,828-881-0647,0.5,0.413,Graduate
9302159,Wendy Hamilton,wendy.hamilton@gmail.com,453-359-9036,0.5,0.413,Graduate
9304349,Courtney Smith,courtney.smith@gmail.com,740-291-0656,0.5,0.411,Graduate
9302104,Brandon Estes,brandon.estes@gmail.com,413-526-7909,0.5,0.411,Graduate
9300525,Oscar Robertson,oscar.robertson@gmail.com,971-600-4761,0.5,0.408,Graduate
9304219,Jennifer Woods,jennifer.woods@gmail.com,339-658-6558,0.5,0.408,Graduate
9301413,Ralph Wilkins,ralph.wilkins@gmail.com,831-175-1264,0.5,0.407,Graduate
9301148,Edward Bass,edward.bass@gmail.com,941-152-7171,0.5,0.407,Graduate
9304381,Patrick King,patrick.king@gmail.com,101-589-7045,0.5,0.407,Graduate
9301992,Jerry Watkins,jerry.watkins@gmail.com,289-890-5129,0.5,0.406,Graduate
9302387,Karen Ross,karen.ross@gmail.com,183-561-0462,0.5,0.406,Graduate
9301571,Travis Cobb,travis.cobb@gmail.com,613-893-4233,0.5,0.403,Graduate
9304058,Sierra Thompson,sierra.thompson@gmail.com,925-148-5286,0.5,0.402,Graduate
9304380,Christopher Lam,christopher.lam@gmail.com,398-740-9831,0.5,0.401,Graduate
9301282,Katrina Moore,katrina.moore@gmail.com,354-105-3606,0.5,0.401,Graduate
9302772,Teresa Winters,teresa.winters@gmail.com,688-134-5450,0.5,0.399,Graduate
9303571,Christopher Campbell,christopher.campbell@gmail.com,612-593-6940,0.5,0.399,Graduate
9302442,Alexandra Stanton,alexandra.stanton@gmail.com,625-945-2982,0.5,0.398,Graduate
9303572,Sherry Rogers,sherry.rogers@gmail.com,948-256-6744,0.5,0.398,Graduate
9302696,Joanne Rodriguez,joanne.rodriguez@gmail.com,413-234-4357,0.5,0.398,Graduate
9301109,Jessica Pacheco,jessica.pacheco@gmail.com,490-456-7768,0.5,0.397,Graduate
9302762,Michael Rodriguez,michael.rodriguez@gmail.com,817-078-8916,0.5,0.395,Graduate
9301554,Michelle Weber,michelle.weber@gmail.com,367-375-7370,0.5,0.394,Graduate
9301432,Veronica Johnson,veronica.johnson@gmail.com,551-797-5644,0.5,0.393,Graduate
9304268,Corey Hess,corey.hess@gmail.com,308-111-7046,0.5,0.393,Graduate
9303739,Laura Bridges,laura.bridges@gmail.com,370-906-9752,0.5,0.393,Graduate
9301226,Jerry Duarte,jerry.duarte@gmail.com,572-958-4441,0.5,0.392,Graduate
9302265,Karen Mays,karen.mays@gmail.com,161-736-3997,0.5,0.392,Graduate
9302563,Samuel Smith,samuel.smith@gmail.com,685-583-4319,0.5,0.391,Graduate
9302897,Christina Thomas,christina.thomas@gmail.com,895-544-9150,0.5,0.391,Graduate
9301659,Angelica Crawford,angelica.crawford@gmail.com,567-734-8041,0.5,0.391,Graduate
9300856,Adrian Hill,adrian.hill@gmail.com,760-371-1896,0.5,0.389,Graduate
9302245,Susan Morris,susan.morris@gmail.com,282-816-8739,0.5,0.389,Graduate
9303397,Pamela Henderson,pamela.henderson@gmail.com,415-638-5317,0.5,0.383,Graduate
9301091,Daniel Horton,daniel.horton@gmail.com,458-046-3565,0.5,0.381,Graduate
9300949,Steven Gonzales,steven.gonzales@gmail.com,228-520-9810,0.5,0.381,Graduate
9301143,Mark Bates,mark.bates@gmail.com,134-198-1042,0.5,0.378,Graduate
9301615,Deborah Davis,deborah.davis@gmail.com,472-029-5668,0.5,0.378,Graduate
9301548,Kimberly Lewis,kimberly.lewis@gmail.com,578-952-7401,0.5,0.377,Graduate
9302722,Patricia Stewart,patricia.stewart@gmail.com,369-149-1810,0.5,0.377,Graduate
9303209,Jeffrey Le,jeffrey.le@gmail.com,421-829-0468,0.5,0.376,Graduate
9302723,Nicole Hill,nicole.hill@gmail.com,779-258-8055,0.5,0.374,Graduate
9302452,Amber Bryant,amber.bryant@gmail.com,224-307-3332,0.5,0.373,Graduate
9303576,Cody Kelly,cody.kelly@gmail.com,569-332-9348,0.5,0.371,Graduate
9302933,Margaret Jones,margaret.jones@gmail.com,162-337-6611,0.5,0.371,Graduate
9300654,Kimberly Odonnell,kimberly.odonnell@gmail.com,289-068-0270,0.5,0.371,Graduate
9300340,Kimberly Hayes,kimberly.hayes@gmail.com,160-213-2088,0.5,0.369,Graduate
9302627,Kyle King,kyle.king@gmail.com,203-699-1415,0.5,0.365,Graduate
9302718,Jessica Flores,jessica.flores@gmail.com,215-353-9054,0.5,0.364,Graduate
9301598,Nicholas Holmes,nicholas.holmes@gmail.com,205-679-7421,0.5,0.363,Graduate
9302594,Cindy Hughes,cindy.hughes@gmail.com,973-357-6004,0.5,0.362,Graduate
9301938,David Conley,david.conley@gmail.com,642-584-8672,0.5,0.361,Graduate
9304336,Kristin Gonzalez,kristin.gonzalez@gmail.com,468-053-3815,0.5,0.356,Graduate
9303776,Brittney Tapia,brittney.tapia@gmail.com,856-106-4148,0.5,0.355,Graduate
9303120,Raymond Turner,raymond.turner@gmail.com,662-898-8757,0.5,0.354,Graduate
9301845,Bethany Zimmerman,bethany.zimmerman@gmail.com,935-942-7993,0.5,0.35,Graduate
9300474,Sean White,sean.white@gmail.com,935-352-8816,0.5,0.349,Graduate
9300288,Gabriela Stewart,gabriela.stewart@gmail.com,378-801-7337,0.5,0.349,Graduate
9300465,Alan Harrison,alan.harrison@gmail.com,646-253-4578,0.5,0.349,Graduate
9300404,Christina Cunningham,christina.cunningham@gmail.com,770-516-8493,0.5,0.347,Graduate
9301333,Ronald Lee,ronald.lee@gmail.com,285-675-7131,0.5,0.345,Graduate
9302268,Dawn Mueller,dawn.mueller@gmail.com,557-676-1169,0.5,0.344,Graduate
9303937,Megan Morris,megan.morris@gmail.com,673-741-5229,0.5,0.343,Graduate
9303450,Kathryn Baker,kathryn.baker@gmail.com,484-256-3829,0.5,0.343,Graduate
9302259,Julia Ortiz,julia.ortiz@gmail.com,752-365-4626,0.5,0.342,Graduate
9300990,Holly Armstrong,holly.armstrong@gmail.com,690-630-0548,0.5,0.341,Graduate
9302142,Mary Stone,mary.stone@gmail.com,151-210-8701,0.5,0.339,Graduate
9301546,Terri Alvarado,terri.alvarado@gmail.com,273-610-3553,0.5,0.338,Graduate
9302805,Joshua Vasquez,joshua.vasquez@gmail.com,828-779-1649,0.5,0.335,Graduate
9301020,Karen Cortez,karen.cortez@gmail.com,673-483-4686,0.5,0.334,Graduate
9303709,Latoya Ramirez,latoya.ramirez@gmail.com,926-179-9232,0.5,0.334,Graduate
9304057,Jason Robbins,jason.robbins@gmail.com,380-512-2816,0.5,0.331,Graduate
9303803,Zachary Watts,zachary.watts@gmail.com,362-764-3032,0.5,0.328,Graduate
9302970,Nancy Jackson,nancy.jackson@gmail.com,489-069-8738,0.5,0.328,Graduate
9301700,Mary Clark,mary.clark@gmail.com,373-514-0997,0.5,0.327,Graduate
9300300,Jill Watson,jill.watson@gmail.com,169-244-7660,0.5,0.327,Graduate
9304373,James Garcia,james.garcia@gmail.com,482-129-7204,0.5,0.327,Graduate
9300968,Marie Dunn,marie.dunn@gmail.com,234-571-7195,0.5,0.326,Graduate
9301681,Megan Ross,megan.ross@gmail.com,742-769-7323,0.5,0.325,Graduate
9302006,Melissa Weber,melissa.weber@gmail.com,990-950-2924,0.5,0.324,Graduate
9303067,Ian Johnson,ian.johnson@gmail.com,862-592-3469,0.5,0.324,Graduate
9303070,Donald Hurst,donald.hurst@gmail.com,791-589-5915,0.5,0.321,Graduate
9303745,Timothy Hernandez,timothy.hernandez@gmail.com,862-646-2023,0.5,0.319,Graduate
9302925,Erin Galloway,erin.galloway@gmail.com,578-777-4660,0.5,0.317,Graduate
9303217,Robert Henry,robert.henry@gmail.com,191-093-3492,0.5,0.314,Graduate
9301724,Matthew Roberts,matthew.roberts@gmail.com,987-591-9096,0.5,0.312,Graduate
9301575,Doris Bishop,doris.bishop@gmail.com,577-206-7604,0.5,0.312,Graduate
9300569,Aaron Carpenter,aaron.carpenter@gmail.com,495-678-6466,0.5,0.312,Graduate
9304194,Jack Romero,jack.romero@gmail.com,243-825-2750,0.5,0.311,Graduate
9302702,Christine Nguyen,christine.nguyen@gmail.com,914-322-4716,0.5,0.306,Graduate
9303567,James Martin,james.martin@gmail.com,637-510-8422,0.5,0.305,Graduate
9302298,Brianna Hurst,brianna.hurst@gmail.com,598-259-7976,0.5,0.304,Graduate
9301303,Joseph Stanley,joseph.stanley@gmail.com,242-620-5394,0.5,0.304,Graduate
9302078,Robert Miller,robert.miller@gmail.com,160-347-5658,0.5,0.302,Graduate
9304350,Vanessa Johnson,vanessa.johnson@gmail.com,873-851-7203,0.5,0.299,Graduate
9300463,William Mcdonald,william.mcdonald@gmail.com,621-406-0614,0.5,0.299,Graduate
9301073,Betty Russell,betty.russell@gmail.com,979-071-7514,0.5,0.299,Graduate
9300679,Lindsey Collins,lindsey.collins@gmail.com,802-443-5745,0.5,0.297,Graduate
9301067,Kenneth Serrano,kenneth.serrano@gmail.com,841-118-3883,0.5,0.296,Graduate
9302341,David Stephens,david.stephens@gmail.com,444-869-1733,0.5,0.296,Graduate
9301114,John Sanchez,john.sanchez@gmail.com,239-988-1051,0.5,0.295,Graduate
9304115,Michael Richards,michael.richards@gmail.com,307-534-7635,0.5,0.293,Graduate
9301222,Gregory Garcia,gregory.garcia@gmail.com,464-858-6138,0.5,0.291,Graduate
9302330,Claudia Ryan,claudia.ryan@gmail.com,708-578-1600,0.5,0.289,Graduate
9300322,Laura Carpenter,laura.carpenter@gmail.com,554-174-0192,0.5,0.288,Graduate
9302065,Evan Maynard,evan.maynard@gmail.com,974-524-9915,0.5,0.286,Graduate
9301059,Rebecca Miranda,rebecca.miranda@gmail.com,729-432-5776,0.5,0.285,Graduate
9301743,Kathleen Reyes,kathleen.reyes@gmail.com,924-570-2838,0.5,0.284,Graduate
9302411,Ronald Jackson,ronald.jackson@gmail.com,471-186-5137,0.5,0.282,Graduate
9303966,John Carpenter,john.carpenter@gmail.com,394-639-8294,0.5,0.28,Graduate
9303147,Jordan Madden,jordan.madden@gmail.com,667-245-5022,0.5,0.279,Graduate
9300477,Karen Bass,karen.bass@gmail.com,237-136-3290,0.5,0.279,Graduate
9303590,Marie George,marie.george@gmail.com,660-830-2133,0.5,0.278,Graduate
9300953,Tommy Mullins,tommy.mullins@gmail.com,475-952-5459,0.5,0.276,Graduate
9300894,Jacob Garcia,jacob.garcia@gmail.com,469-908-1138,0.5,0.276,Graduate
9301592,Timothy Jones,timothy.jones@gmail.com,537-014-6331,0.5,0.276,Graduate
9300702,Kenneth Holloway,kenneth.holloway@gmail.com,585-362-4323,0.5,0.275,Graduate
9300289,Derek Hernandez,derek.hernandez@gmail.com,661-729-0098,0.5,0.272,Graduate
9300055,Kim Kirk,kim.kirk@gmail.com,761-914-5814,0.5,0.271,Graduate
9301271,Tiffany Lopez,tiffany.lopez@gmail.com,194-410-0969,0.5,0.271,Graduate
9304030,Eileen Simpson,eileen.simpson@gmail.com,372-327-9824,0.5,0.266,Graduate
9303250,Sean Baker,sean.baker@gmail.com,730-338-4409,0.5,0.266,Graduate
9302551,Christopher Bush,christopher.bush@gmail.com,439-298-3702,0.5,0.266,Graduate
9301762,Brian Johnson,brian.johnson@gmail.com,921-030-0148,0.5,0.266,Graduate
9300701,Kelly Rich,kelly.rich@gmail.com,945-856-2461,0.5,0.265,Graduate
9301375,Morgan Rose,morgan.rose@gmail.com,470-067-6947,0.5,0.264,Graduate
9304331,Vincent Haynes,vincent.haynes@gmail.com,122-312-8736,0.5,0.264,Graduate
9302566,Ryan Kennedy,ryan.kennedy@gmail.com,415-186-4553,0.5,0.263,Graduate
9302201,Dominique Bell,dominique.bell@gmail.com,819-860-9775,0.5,0.263,Graduate
9301184,Katherine Jenkins,katherine.jenkins@gmail.com,169-850-2407,0.5,0.262,Graduate
9301040,Alexa Butler,alexa.butler@gmail.com,317-312-1872,0.5,0.262,Graduate
9301859,Elizabeth Cowan,elizabeth.cowan@gmail.com,941-114-2863,0.5,0.261,Graduate
9302485,Patrick Mcmahon,patrick.mcmahon@gmail.com,516-077-0972,0.5,0.26,Graduate
9304244,Julie Stewart,julie.stewart@gmail.com,149-339-9494,0.5,0.259,Graduate
9300885,Jennifer Jordan,jennifer.jordan@gmail.com,455-444-7478,0.5,0.258,Graduate
9303347,Holly Roberts,holly.roberts@gmail.com,654-887-9884,0.5,0.258,Graduate
9301072,Eric Sharp,eric.sharp@gmail.com,311-488-6992,0.5,0.257,Graduate
9302103,Rebecca Noble,rebecca.noble@gmail.com,190-101-6381,0.5,0.257,Graduate
9303021,Mathew Hill,mathew.hill@gmail.com,397-677-4864,0.5,0.255,Graduate
9303747,Jonathan Padilla,jonathan.padilla@gmail.com,660-926-6690,0.5,0.255,Graduate
9303277,David Hanson,david.hanson@gmail.com,751-043-2247,0.5,0.254,Graduate
9301831,Sheila Farley,sheila.farley@gmail.com,344-259-7326,0.5,0.253,Graduate
9302866,James Haley,james.haley@gmail.com,429-112-5498,0.5,0.253,Graduate
9300521,Janice Ferguson,janice.ferguson@gmail.com,846-512-6521,0.5,0.252,Graduate
9300491,Sabrina Norton,sabrina.norton@gmail.com,763-131-3022,0.5,0.25,Graduate
9303711,Wendy Ortega,wendy.ortega@gmail.com,441-599-4317,0.5,0.249,Graduate
9301265,Aaron Hughes,aaron.hughes@gmail.com,928-961-0296,0.5,0.248,Graduate
9301038,Donald Jenkins,donald.jenkins@gmail.com,129-425-0754,0.5,0.248,Graduate
9304101,Emily Davidson,emily.davidson@gmail.com,935-926-3165,0.5,0.247,Graduate
9302503,Gregory Ford,gregory.ford@gmail.com,117-116-0586,0.5,0.247,Graduate
9302960,Edgar Nelson,edgar.nelson@gmail.com,351-940-9601,0.5,0.245,Graduate
9301730,Sarah Hicks,sarah.hicks@gmail.com,551-887-1470,0.5,0.245,Graduate
9302950,Jerry Gardner,jerry.gardner@gmail.com,541-652-3288,0.5,0.242,Graduate
9303753,Erin Romero,erin.romero@gmail.com,398-262-8042,0.5,0.239,Graduate
9304127,Ashley Miller,ashley.miller@gmail.com,495-852-3828,0.5,0.238,Graduate
9303334,Charles Castillo,charles.castillo@gmail.com,836-425-7566,0.5,0.237,Graduate
9300662,Charles Mcdaniel,charles.mcdaniel@gmail.com,620-875-4289,0.5,0.236,Graduate
9300353,Alexander Hester,alexander.hester@gmail.com,414-831-0757,0.5,0.236,Graduate
9301437,Stephanie Davis,stephanie.davis@gmail.com,218-617-6743,0.5,0.235,Graduate
9303254,Melissa Morales,melissa.morales@gmail.com,235-030-4815,0.5,0.234,Graduate
9302948,Kenneth Smith,kenneth.smith@gmail.com,517-944-0349,0.5,0.233,Graduate
9300663,James Oliver,james.oliver@gmail.com,262-880-6101,0.5,0.23,Graduate
9302924,Shannon Chavez,shannon.chavez@gmail.com,984-126-3932,0.5,0.23,Graduate
9302519,Henry Turner,henry.turner@gmail.com,703-067-3951,0.5,0.229,Graduate
9304343,Troy Marshall,troy.marshall@gmail.com,764-770-3926,0.5,0.229,Graduate
9304147,Allison Mitchell,allison.mitchell@gmail.com,598-636-9623,0.5,0.228,Graduate
9300452,Carolyn Lee,carolyn.lee@gmail.com,951-436-6482,0.5,0.227,Graduate
9300989,Shelley Henry,shelley.henry@gmail.com,285-209-0052,0.5,0.226,Graduate
9303723,Craig Flores,craig.flores@gmail.com,391-870-7227,0.5,0.226,Graduate
9302828,Devin Morales,devin.morales@gmail.com,106-051-9272,0.5,0.226,Graduate
9302051,Bradley Park,bradley.park@gmail.com,727-292-6177,0.5,0.225,Graduate
9302447,John Rodriguez,john.rodriguez@gmail.com,989-262-6689,0.5,0.225,Graduate
9303691,Melanie Silva,melanie.silva@gmail.com,220-733-1501,0.5,0.225,Graduate
9300253,Emily Johnson,emily.johnson@gmail.com,136-183-3696,0.5,0.224,Graduate
9301209,Thomas Chen,thomas.chen@gmail.com,957-408-7131,0.5,0.223,Graduate
9301684,Zachary Ware,zachary.ware@gmail.com,324-389-8256,0.5,0.222,Graduate
9301166,Leonard Alvarez,leonard.alvarez@gmail.com,394-584-5187,0.5,0.219,Graduate
9302798,Andrea Glenn,andrea.glenn@gmail.com,675-245-5287,0.5,0.218,Graduate
9303079,Michael Cline,michael.cline@gmail.com,194-317-1229,0.5,0.217,Graduate
9302242,Jacob Thomas,jacob.thomas@gmail.com,386-605-3071,0.5,0.217,Graduate
9300196,James Beasley,james.beasley@gmail.com,993-599-5782,0.5,0.216,Graduate
9300229,Chad Hodge,chad.hodge@gmail.com,308-817-0184,0.5,0.213,Graduate
9300008,Kevin Miller,kevin.miller@gmail.com,411-488-9314,0.5,0.212,Graduate
9304063,Tabitha Fernandez,tabitha.fernandez@gmail.com,463-757-6814,0.5,0.212,Graduate
9304187,Richard Reed,richard.reed@gmail.com,950-715-2659,0.5,0.211,Graduate
9300020,Jessica Wilson,jessica.wilson@gmail.com,103-586-3251,0.5,0.211,Graduate
9303794,Jennifer Donovan,jennifer.donovan@gmail.com,717-162-6903,0.5,0.211,Graduate
9303669,Daniel Callahan,daniel.callahan@gmail.com,340-135-2276,0.5,0.209,Graduate
9301610,Vanessa Waters,vanessa.waters@gmail.com,460-923-4382,0.5,0.208,Graduate
9304365,Michael Oconnell,michael.oconnell@gmail.com,731-296-1698,0.5,0.207,Graduate
9304011,Denise Molina,denise.molina@gmail.com,186-759-1334,0.5,0.206,Graduate
9304322,Mariah Graham,mariah.graham@gmail.com,484-617-5300,0.5,0.205,Graduate
9301983,Amanda Elliott,amanda.elliott@gmail.com,308-203-2172,0.5,0.203,Graduate
9300752,Andre Schneider,andre.schneider@gmail.com,793-738-3728,0.5,0.198,Graduate
9301566,Frank Williamson,frank.williamson@gmail.com,326-674-7002,0.5,0.198,Graduate
9303599,Jennifer Green,jennifer.green@gmail.com,138-965-9364,0.5,0.197,Graduate
9303811,Austin Williams,austin.williams@gmail.com,534-706-1581,0.5,0.196,Graduate
9302731,Joseph Williams,joseph.williams@gmail.com,706-348-4189,0.5,0.196,Graduate
9301443,Samantha Smith,samantha.smith@gmail.com,133-728-6576,0.5,0.196,Graduate
9301249,Vickie Williams,vickie.williams@gmail.com,179-419-4721,0.5,0.195,Graduate
9302832,James Merritt,james.merritt@gmail.com,870-217-9697,0.5,0.195,Graduate
9302130,Peter Velasquez,peter.velasquez@gmail.com,315-454-2910,0.5,0.193,Graduate
9301321,Angela Collins,angela.collins@gmail.com,919-894-8055,0.5,0.193,Graduate
9300337,Joshua Farley,joshua.farley@gmail.com,476-135-3241,0.5,0.193,Graduate
9300823,Anthony Franco,anthony.franco@gmail.com,355-750-4649,0.5,0.193,Graduate
9300417,Tony Tyler,tony.tyler@gmail.com,155-694-6595,0.5,0.192,Graduate
9302811,Kim Lynch,kim.lynch@gmail.com,346-379-1894,0.5,0.191,Graduate
9303721,Scott Thomas,scott.thomas@gmail.com,875-903-4748,0.5,0.189,Graduate
9301547,Connie Bridges,connie.bridges@gmail.com,152-645-3946,0.5,0.189,Graduate
9300527,David Johnson,david.johnson@gmail.com,376-915-7060,0.5,0.187,Graduate
9300792,Brian Mitchell,brian.mitchell@gmail.com,270-793-8598,0.5,0.185,Graduate
9300488,Ana Rodriguez,ana.rodriguez@gmail.com,187-454-9893,0.5,0.184,Graduate
9300233,Edward Bailey,edward.bailey@gmail.com,850-561-4273,0.5,0.184,Graduate
9300519,Mary Garcia,mary.garcia@gmail.com,946-406-0678,0.5,0.184,Graduate
9302136,Brittany Johnson,brittany.johnson@gmail.com,996-372-0892,0.5,0.183,Graduate
9300831,Theresa Elliott,theresa.elliott@gmail.com,337-157-1375,0.5,0.183,Graduate
9300740,Jeffrey Gray,jeffrey.gray@gmail.com,573-448-4149,0.5,0.181,Graduate
9300538,Jesse Baker,jesse.baker@gmail.com,362-540-8399,0.5,0.179,Graduate
9301874,Peter Barnett,peter.barnett@gmail.com,874-499-4128,0.5,0.179,Graduate
9300685,Johnny Nelson,johnny.nelson@gmail.com,172-338-1147,0.5,0.178,Graduate
9303281,Rachel Wilson,rachel.wilson@gmail.com,410-516-2949,0.5,0.177,Graduate
9302029,Alicia Todd,alicia.todd@gmail.com,483-386-7903,0.5,0.177,Graduate
9300813,Cindy Jones,cindy.jones@gmail.com,718-272-9325,0.5,0.177,Graduate
9302260,James Pitts,james.pitts@gmail.com,414-016-2496,0.5,0.176,Graduate
9301497,Randy Molina,randy.molina@gmail.com,314-911-5916,0.5,0.175,Graduate
9304034,Benjamin Smith,benjamin.smith@gmail.com,992-110-0655,0.5,0.175,Graduate
9301613,Jessica Prince,jessica.prince@gmail.com,645-933-6092,0.5,0.172,Graduate
9304026,Victoria Cunningham,victoria.cunningham@gmail.com,640-202-7445,0.5,0.172,Graduate
9301555,Thomas Werner,thomas.werner@gmail.com,342-986-1124,0.5,0.171,Graduate
9303010,Susan Weaver,susan.weaver@gmail.com,375-421-8494,0.5,0.171,Graduate
9302768,William Anderson,william.anderson@gmail.com,160-193-6180,0.5,0.17,Graduate
9303035,Charles Lucas,charles.lucas@gmail.com,775-233-2919,0.5,0.17,Graduate
9302141,Richard White,richard.white@gmail.com,155-023-5347,0.5,0.17,Graduate
9301538,Brooke Barrera,brooke.barrera@gmail.com,564-537-5965,0.5,0.17,Graduate
9302839,Amanda Rhodes,amanda.rhodes@gmail.com,257-369-6718,0.5,0.17,Graduate
9300410,Colleen Carroll,colleen.carroll@gmail.com,937-409-6497,0.5,0.17,Graduate
9300835,Molly Stevenson,molly.stevenson@gmail.com,936-770-5507,0.5,0.17,Graduate
9301642,Haley Mendoza,haley.mendoza@gmail.com,618-808-8376,0.5,0.167,Graduate
9303663,Jason Lee,jason.lee@gmail.com,242-961-6609,0.5,0.167,Graduate
9301559,Matthew Brooks,matthew.brooks@gmail.com,332-450-0877,0.5,0.167,Graduate
9303977,Diana Baker,diana.baker@gmail.com,134-235-1365,0.5,0.164,Graduate
9303594,Julie Rich,julie.rich@gmail.com,705-793-5424,0.5,0.161,Graduate
9304225,Michael Bailey,michael.bailey@gmail.com,358-697-2990,0.5,0.16,Graduate
9303718,Erika Schmitt,erika.schmitt@gmail.com,583-339-6817,0.5,0.159,Graduate
9302959,Patrick Alvarez,patrick.alvarez@gmail.com,782-833-1657,0.5,0.159,Graduate
9304284,Robert Clayton,robert.clayton@gmail.com,828-690-5283,0.5,0.159,Graduate
9301913,Carl Taylor,carl.taylor@gmail.com,874-019-7206,0.5,0.158,Graduate
9300762,James Rodriguez,james.rodriguez@gmail.com,713-067-4046,0.5,0.157,Graduate
9300303,Darrell Hall,darrell.hall@gmail.com,934-819-3635,0.5,0.155,Graduate
9300981,Alexander Clayton,alexander.clayton@gmail.com,639-960-4801,0.5,0.155,Graduate
9300311,Matthew Taylor,matthew.taylor@gmail.com,775-588-7973,0.5,0.154,Graduate
9303395,Brittany Rivera,brittany.rivera@gmail.com,132-577-6142,0.5,0.154,Graduate
9301633,Tonya Holt,tonya.holt@gmail.com,573-695-0368,0.5,0.153,Graduate
9302868,Lauren Walker,lauren.walker@gmail.com,682-342-0366,0.5,0.153,Graduate
9303355,Stephen Vargas,stephen.vargas@gmail.com,969-081-6684,0.5,0.152,Graduate
9301014,Michael Walker,michael.walker@gmail.com,408-008-4367,0.5,0.151,Graduate
9304113,Debbie Galvan,debbie.galvan@gmail.com,182-881-3684,0.5,0.15,Graduate
9302216,Destiny Parks,destiny.parks@gmail.com,448-934-1177,0.5,0.15,Graduate
9302829,Mia Gonzalez,mia.gonzalez@gmail.com,100-188-5784,0.5,0.149,Graduate
9301521,Shelly Valdez,shelly.valdez@gmail.com,734-326-2594,0.5,0.147,Graduate
9302848,Sophia Holmes,sophia.holmes@gmail.com,342-733-3307,0.5,0.144,Graduate
9304201,Pamela Blair,pamela.blair@gmail.com,363-565-4996,0.5,0.144,Graduate
9300870,Paul Jackson,paul.jackson@gmail.com,251-915-1154,0.5,0.144,Graduate
9303438,Lee Lewis,lee.lewis@gmail.com,867-917-3204,0.5,0.143,Graduate
9302536,Jacqueline Gross,jacqueline.gross@gmail.com,729-824-6604,0.5,0.143,Graduate
9302918,Amy Perez,amy.perez@gmail.com,364-880-8447,0.5,0.142,Graduate
9304139,Monica Cook,monica.cook@gmail.com,413-261-3991,0.5,0.141,Graduate
9301263,Carlos Salinas,carlos.salinas@gmail.com,874-386-1105,0.5,0.14,Graduate
9301001,Alyssa Sharp,alyssa.sharp@gmail.com,650-415-8776,0.5,0.14,Graduate
9304023,George Whitaker,george.whitaker@gmail.com,864-122-6078,0.5,0.138,Graduate
9303917,Austin Green,austin.green@gmail.com,779-888-4431,0.5,0.136,Graduate
9301493,Pamela Jackson,pamela.jackson@gmail.com,905-945-8677,0.5,0.136,Graduate
9303969,Douglas Mccann,douglas.mccann@gmail.com,345-599-7102,0.5,0.134,Graduate
9302395,John Rogers,john.rogers@gmail.com,103-096-6141,0.5,0.134,Graduate
9302749,Jill Graves,jill.graves@gmail.com,537-500-6550,0.5,0.134,Graduate
9302904,Tracy Morton,tracy.morton@gmail.com,665-376-0636,0.5,0.132,Graduate
9303880,Lindsey Baker,lindsey.baker@gmail.com,440-165-3401,0.5,0.132,Graduate
9300969,Brandon Frank,brandon.frank@gmail.com,145-265-2531,0.5,0.132,Graduate
9303224,Ashlee Scott,ashlee.scott@gmail.com,431-960-7819,0.5,0.129,Graduate
9303563,Evelyn Cox,evelyn.cox@gmail.com,480-409-5716,0.5,0.129,Graduate
9302756,Benjamin Hunter,benjamin.hunter@gmail.com,629-709-2113,0.5,0.128,Graduate
9304073,Marcus Lee,marcus.lee@gmail.com,268-882-9745,0.5,0.128,Graduate
9301454,Sarah Dawson,sarah.dawson@gmail.com,544-451-6292,0.5,0.127,Graduate
9301111,Tiffany Fitzgerald,tiffany.fitzgerald@gmail.com,111-592-0349,0.5,0.127,Graduate
9303668,Garrett Grant,garrett.grant@gmail.com,557-242-7449,0.5,0.126,Graduate
9303228,Amanda Torres,amanda.torres@gmail.com,897-052-3032,0.5,0.125,Graduate
9303255,Aimee Savage,aimee.savage@gmail.com,255-133-5363,0.5,0.125,Graduate
9301888,Cassandra Fernandez,cassandra.fernandez@gmail.com,111-879-3758,0.5,0.125,Graduate
9301822,Joshua Perry,joshua.perry@gmail.com,223-872-1904,0.5,0.124,Graduate
9303897,Kimberly Jones,kimberly.jones@gmail.com,365-160-8457,0.5,0.124,Graduate
9301731,Tammy Young,tammy.young@gmail.com,778-113-2399,0.5,0.123,Graduate
9302084,Linda Vargas,linda.vargas@gmail.com,459-206-4891,0.5,0.123,Graduate
9302739,Kimberly Rodriguez,kimberly.rodriguez@gmail.com,922-203-0905,0.5,0.122,Graduate
9303971,Jonathan Coleman,jonathan.coleman@gmail.com,185-268-2790,0.5,0.12,Graduate
9302318,Victoria Douglas,victoria.douglas@gmail.com,354-017-0927,0.5,0.12,Graduate
9301347,Brenda Mathews,brenda.mathews@gmail.com,504-391-0275,0.5,0.118,Graduate
9301638,Stephanie Smith,stephanie.smith@gmail.com,931-854-4128,0.5,0.118,Graduate
9300757,Nicholas Davis,nicholas.davis@gmail.com,590-675-8798,0.5,0.118,Graduate
9304334,Karen Turner,karen.turner@gmail.com,632-347-1162,0.5,0.117,Graduate
9300612,Kristina Jones,kristina.jones@gmail.com,402-917-2278,0.5,0.116,Graduate
9301288,Nathan Rodriguez,nathan.rodriguez@gmail.com,525-983-9337,0.5,0.114,Graduate
9301602,Joseph Munoz,joseph.munoz@gmail.com,857-285-6682,0.5,0.113,Graduate
9301328,John Norton,john.norton@gmail.com,739-144-0449,0.5,0.113,Graduate
9303225,Ashley Lane,ashley.lane@gmail.com,911-538-6022,0.5,0.113,Graduate
9303877,Joshua Ross,joshua.ross@gmail.com,485-858-8348,0.5,0.113,Graduate
9300747,Jacqueline Frazier,jacqueline.frazier@gmail.com,582-716-3640,0.5,0.111,Graduate
9300814,Tracy Johnson,tracy.johnson@gmail.com,194-622-5347,0.5,0.107,Graduate
9303251,Daniel Hatfield,daniel.hatfield@gmail.com,889-814-9457,0.5,0.107,Graduate
9302810,Lacey Estes,lacey.estes@gmail.com,996-536-9465,0.5,0.106,Graduate
9303791,Christopher Nelson,christopher.nelson@gmail.com,117-433-0361,0.5,0.106,Graduate
9304070,Katherine Dalton,katherine.dalton@gmail.com,957-966-3051,0.5,0.105,Graduate
9300722,Maria Bryant,maria.bryant@gmail.com,993-132-2158,0.5,0.105,Graduate
9301685,Michelle Martinez,michelle.martinez@gmail.com,158-803-1852,0.5,0.103,Graduate
9304000,Bradley Sullivan,bradley.sullivan@gmail.com,159-488-9662,0.5,0.101,Graduate
9302495,Daniel Harrell,daniel.harrell@gmail.com,949-770-3470,0.5,0.101,Graduate
9300520,Brittney Wood,brittney.wood@gmail.com,128-314-6624,0.5,0.101,Graduate
9304220,Greg Rivas,greg.rivas@gmail.com,148-398-4129,0.5,0.099,Graduate
9300034,Danielle Franco,danielle.franco@gmail.com,782-238-3939,0.5,0.098,Graduate
9302951,Angela Lyons,angela.lyons@gmail.com,306-962-2632,0.5,0.098,Graduate
9302662,Joshua Dillon,joshua.dillon@gmail.com,775-694-6999,0.5,0.098,Graduate
9302117,Christina Hoffman,christina.hoffman@gmail.com,322-014-5336,0.5,0.097,Graduate
9301896,Kevin Collins,kevin.collins@gmail.com,108-303-3509,0.5,0.097,Graduate
9303863,Tiffany Miller,tiffany.miller@gmail.com,725-324-7268,0.5,0.097,Graduate
9300024,Daniel Robinson,daniel.robinson@gmail.com,946-157-8815,0.5,0.095,Graduate
9303381,Veronica Stephenson,veronica.stephenson@gmail.com,610-207-3497,0.5,0.095,Graduate
9301864,Christina Hernandez,christina.hernandez@gmail.com,359-606-2852,0.5,0.095,Graduate
9304174,Aaron Owens,aaron.owens@gmail.com,183-438-0800,0.5,0.095,Graduate
9304013,John House,john.house@gmail.com,237-142-1540,0.5,0.093,Graduate
9303920,Jason Randall,jason.randall@gmail.com,950-937-9665,0.5,0.093,Graduate
9304341,Leon Powers,leon.powers@gmail.com,286-019-6953,0.5,0.093,Graduate
9300622,Renee Beck,renee.beck@gmail.com,425-153-9168,0.5,0.092,Graduate
9304004,Michael Rodriguez,michael.rodriguez@gmail.com,610-763-6903,0.5,0.092,Graduate
9301221,Emily Lawson,emily.lawson@gmail.com,133-299-5471,0.5,0.091,Graduate
9303782,Crystal Patel,crystal.patel@gmail.com,875-875-1045,0.5,0.09,Graduate
9300316,Tabitha Douglas,tabitha.douglas@gmail.com,564-436-8817,0.5,0.09,Graduate
9303752,Danielle Russell,danielle.russell@gmail.com,587-184-7817,0.5,0.089,Graduate
9303416,Mary Lloyd,mary.lloyd@gmail.com,982-393-4301,0.5,0.089,Graduate
9300009,Fernando Hines,fernando.hines@gmail.com,493-187-3498,0.5,0.088,Graduate
9302054,Brenda Ryan,brenda.ryan@gmail.com,925-688-9007,0.5,0.088,Graduate
9303303,Tammy Roberson,tammy.roberson@gmail.com,142-114-4012,0.5,0.087,Graduate
9301563,Mitchell Wright,mitchell.wright@gmail.com,513-776-5080,0.5,0.086,Graduate
9300574,Albert Anderson,albert.anderson@gmail.com,580-624-7420,0.5,0.083,Graduate
9302114,Patrick Hopkins,patrick.hopkins@gmail.com,292-724-0183,0.5,0.083,Graduate
9303569,Wanda Silva,wanda.silva@gmail.com,567-600-2148,0.5,0.082,Graduate
9304417,Daniel Whitehead,daniel.whitehead@gmail.com,138-194-3023,0.5,0.079,Graduate
9300875,David Richardson,david.richardson@gmail.com,429-368-5139,0.5,0.079,Graduate
9304077,Chloe Mason,chloe.mason@gmail.com,875-486-5423,0.5,0.079,Graduate
9300776,Sheri Richardson,sheri.richardson@gmail.com,972-355-3848,0.5,0.079,Graduate
9301645,Kim Francis,kim.francis@gmail.com,323-045-8960,0.5,0.078,Graduate
9302213,Stephanie Klein,stephanie.klein@gmail.com,488-019-7264,0.5,0.078,Graduate
9301608,Shelly Morales,shelly.morales@gmail.com,813-174-6949,0.5,0.077,Graduate
9302755,Shannon Garcia,shannon.garcia@gmail.com,385-536-5994,0.5,0.077,Graduate
9300905,Paul Carson,paul.carson@gmail.com,235-059-2768,0.5,0.076,Graduate
9303679,Anna Hebert,anna.hebert@gmail.com,532-026-2944,0.5,0.076,Graduate
9303852,Zachary Schmidt,zachary.schmidt@gmail.com,642-629-8464,0.5,0.076,Graduate
9303564,Melanie Lee,melanie.lee@gmail.com,397-070-7953,0.5,0.076,Graduate
9303280,Melissa Taylor,melissa.taylor@gmail.com,748-346-0227,0.5,0.075,Graduate
9301682,Dylan Huff,dylan.huff@gmail.com,428-787-6031,0.5,0.075,Graduate
9303264,Elizabeth Haley,elizabeth.haley@gmail.com,525-043-8832,0.5,0.074,Graduate
9303575,Stephen Camacho,stephen.camacho@gmail.com,709-722-6990,0.5,0.074,Graduate
9300497,Jennifer Johnson,jennifer.johnson@gmail.com,536-805-0318,0.5,0.074,Graduate
9302785,Angela Harris,angela.harris@gmail.com,904-862-4294,0.5,0.073,Graduate
9301848,Peter Nelson,peter.nelson@gmail.com,539-684-4660,0.5,0.071,Graduate
9300272,Todd Miller,todd.miller@gmail.com,755-951-1132,0.5,0.071,Graduate
9303328,Christian Fowler,christian.fowler@gmail.com,695-438-2235,0.5,0.069,Graduate
9302664,Daniel Diaz,daniel.diaz@gmail.com,621-417-3171,0.5,0.069,Graduate
9301626,Alexis Johnston,alexis.johnston@gmail.com,694-187-3361,0.5,0.067,Graduate
9301836,Jonathan Lang,jonathan.lang@gmail.com,311-069-5429,0.5,0.066,Graduate
9301374,Barbara Peterson,barbara.peterson@gmail.com,762-367-1324,0.5,0.066,Graduate
9300615,Tonya Dean,tonya.dean@gmail.com,906-265-9182,0.5,0.066,Graduate
9302791,Chad Montgomery,chad.montgomery@gmail.com,929-015-7838,0.5,0.064,Graduate
9302643,Natalie Kelley,natalie.kelley@gmail.com,741-511-5922,0.5,0.064,Graduate
9303584,Megan Rice,megan.rice@gmail.com,454-178-1796,0.5,0.063,Graduate
9302303,Ralph Mahoney,ralph.mahoney@gmail.com,560-393-3271,0.5,0.063,Graduate
9301022,Kimberly Lewis,kimberly.lewis@gmail.com,234-534-2074,0.5,0.063,Graduate
9302639,Melissa Cervantes,melissa.cervantes@gmail.com,858-182-4173,0.5,0.062,Graduate
9303673,Rebecca Miller,rebecca.miller@gmail.com,367-177-9645,0.5,0.062,Graduate
9301090,Cynthia Chung,cynthia.chung@gmail.com,918-599-7909,0.5,0.062,Graduate
9301220,Daniel Garcia,daniel.garcia@gmail.com,672-378-6266,0.5,0.062,Graduate
9302212,Tiffany Rivera,tiffany.rivera@gmail.com,626-492-1025,0.5,0.061,Graduate
9300900,Elizabeth Mitchell,elizabeth.mitchell@gmail.com,301-537-6137,0.5,0.061,Graduate
9304290,Austin Riley,austin.riley@gmail.com,183-612-3928,0.5,0.06,Graduate
9302409,Steven Orr,steven.orr@gmail.com,837-232-2298,0.5,0.058,Graduate
9300415,Ryan Walker,ryan.walker@gmail.com,510-698-8958,0.5,0.058,Graduate
9302622,Tanya Lee,tanya.lee@gmail.com,446-963-6902,0.5,0.055,Graduate
9301311,Brittany Schultz,brittany.schultz@gmail.com,923-262-3339,0.5,0.054,Graduate
9300420,Thomas Hanson,thomas.hanson@gmail.com,471-483-9738,0.5,0.054,Graduate
9300651,Lisa Krueger,lisa.krueger@gmail.com,952-227-2206,0.5,0.054,Graduate
9302258,Danielle Morris,danielle.morris@gmail.com,842-966-0698,0.5,0.053,Graduate
9302381,Sharon Wright,sharon.wright@gmail.com,437-443-4639,0.5,0.051,Graduate
9300738,Michelle Taylor,michelle.taylor@gmail.com,342-684-2324,0.5,0.05,Graduate
9302427,Patrick Anderson,patrick.anderson@gmail.com,541-376-4335,0.5,0.049,Graduate
9300451,Amanda Dawson,amanda.dawson@gmail.com,175-241-0498,0.5,0.049,Graduate
9302347,Lisa King,lisa.king@gmail.com,518-195-8145,0.5,0.048,Graduate
9300235,Bradley Gilbert,bradley.gilbert@gmail.com,539-066-9877,0.5,0.048,Graduate
9302817,Nancy Walker,nancy.walker@gmail.com,776-767-1964,0.5,0.046,Graduate
9302840,Dylan Johnson,dylan.johnson@gmail.com,861-409-7552,0.5,0.044,Graduate
9302780,Joy Martin,joy.martin@gmail.com,297-701-0104,0.5,0.044,Graduate
9303820,Christopher Robertson,christopher.robertson@gmail.com,803-986-1608,0.5,0.043,Graduate
9304108,Jonathon Poole,jonathon.poole@gmail.com,777-429-0556,0.5,0.043,Graduate
9303060,Michael Stone,michael.stone@gmail.com,460-724-6816,0.5,0.04,Graduate
9304166,Gregory Hopkins,gregory.hopkins@gmail.com,188-235-6203,0.5,0.039,Graduate
9303370,Pamela Jennings,pamela.jennings@gmail.com,457-800-9376,0.5,0.039,Graduate
9303420,Marie Smith,marie.smith@gmail.com,142-250-5159,0.5,0.035,Graduate
9304298,Beth Clark,beth.clark@gmail.com,114-993-4302,0.5,0.034,Graduate
9302101,Andrew Wells,andrew.wells@gmail.com,305-107-0883,0.5,0.034,Graduate
9303876,Kristen Bird,kristen.bird@gmail.com,612-599-5883,0.5,0.034,Graduate
9302754,Darrell Scott,darrell.scott@gmail.com,391-091-1674,0.5,0.034,Graduate
9301107,Steven Obrien,steven.obrien@gmail.com,851-881-0614,0.5,0.033,Graduate
9302813,Joseph Navarro,joseph.navarro@gmail.com,403-779-3656,0.5,0.032,Graduate
9302598,Brian Garcia,brian.garcia@gmail.com,315-148-1711,0.5,0.029,Graduate
9303903,Jeffrey Hester,jeffrey.hester@gmail.com,887-630-8570,0.5,0.029,Graduate
9301641,Michael Morrow,michael.morrow@gmail.com,537-328-4531,0.5,0.027,Graduate
9300022,Roberto Scott,roberto.scott@gmail.com,456-821-1885,0.5,0.026,Graduate
9302518,Nancy Elliott,nancy.elliott@gmail.com,122-596-2484,0.5,0.025,Graduate
9302448,Barbara Higgins,barbara.higgins@gmail.com,554-907-1443,0.5,0.024,Graduate
9303101,Faith Foster,faith.foster@gmail.com,504-977-3719,0.5,0.024,Graduate
9302512,Mary Cooper,mary.cooper@gmail.com,218-583-2169,0.5,0.01,Graduate
9302671,Raymond Stewart,raymond.stewart@gmail.com,436-032-7507,0.5,0.008,Graduate
9300777,Ruth Hill,ruth.hill@gmail.com,250-627-9872,0.5,0.007,Graduate
